{
  "dashboard": {
    "id": null,
    "title": "Bitwisers 2.0 - Trading Dashboard",
    "tags": ["trading", "bitcoin", "crypto", "portfolio", "risk"],
    "timezone": "UTC",
    "refresh": "5s",
    "time": {
      "from": "now-24h",
      "to": "now"
    },
    "panels": [
      {
        "id": 1,
        "title": "📊 Real-time P&L Dashboard",
        "type": "stat",
        "targets": [
          {
            "expr": "sum(trade_pnl_total{strategy=~\".*\"})",
            "legendFormat": "Total P&L"
          },
          {
            "expr": "sum(increase(trade_pnl_total{strategy=~\".*\"}[1h]))",
            "legendFormat": "Hourly P&L"
          },
          {
            "expr": "avg(trade_pnl_percentage)",
            "legendFormat": "P&L %"
          }
        ],
        "gridPos": {"h": 8, "w": 24, "x": 0, "y": 0},
        "fieldConfig": {
          "defaults": {
            "unit": "currencyUSD",
            "thresholds": {
              "steps": [
                {"color": "red", "value": null},
                {"color": "yellow", "value": 0},
                {"color": "green", "value": 100}
              ]
            }
          }
        }
      },
      {
        "id": 2,
        "title": "📈 P&L Chart (Real-time)",
        "type": "timeseries",
        "targets": [
          {
            "expr": "trader_pnl_total",
            "legendFormat": "{{strategy}} - {{symbol}}"
          }
        ],
        "gridPos": {"h": 10, "w": 12, "x": 0, "y": 8},
        "yAxes": [
          {"label": "P&L", "min": "auto", "unit": "currencyUSD"},
          {"label": "Percentage", "min": "auto", "unit": "percent"}
        ]
      },
      {
        "id": 3,
        "title": "🎯 Portfolio Allocation",
        "type": "piechart",
        "targets": [
          {
            "expr": "portfolio_allocation",
            "legendFormat": "{{asset}} - {{strategy}}"
          }
        ],
        "gridPos": {"h": 10, "w": 12, "x": 12, "y": 8}
      },
      {
        "id": 4,
        "title": "🏆 Strategy Performance Comparison",
        "type": "barchart",
        "targets": [
          {
            "expr": "avg(strategy_performance_24h)",
            "legendFormat": "{{strategy}}"
          }
        ],
        "gridPos": {"h": 8, "w": 12, "x": 0, "y": 18},
        "fieldConfig": {
          "defaults": {
            "unit": "percent",
            "thresholds": {
              "steps": [
                {"color": "red", "value": null},
                {"color": "yellow", "value": 0},
                {"color": "green", "value": 5}
              ]
            }
          }
        }
      },
      {
        "id": 5,
        "title": "📊 Risk Metrics Overview",
        "type": "table",
        "targets": [
          {
            "expr": "risk_metrics",
            "legendFormat": ""
          }
        ],
        "gridPos": {"h": 8, "w": 12, "x": 12, "y": 18},
        "columns": [
          {"text": "Metric", "value": "metric"},
          {"text": "Value", "value": "value"},
          {"text": "Status", "value": "status"}
        ]
      },
      {
        "id": 6,
        "title": "🔴 Market Regime Indicators",
        "type": "stat",
        "targets": [
          {
            "expr": "market_regime_volatility",
            "legendFormat": "Volatility Regime"
          },
          {
            "expr": "market_regime_trend",
            "legendFormat": "Trend Regime"
          },
          {
            "expr": "market_regime_liquidity",
            "legendFormat": "Liquidity Regime"
          }
        ],
        "gridPos": {"h": 6, "w": 8, "x": 0, "y": 26}
      },
      {
        "id": 7,
        "title": "💎 Correlation Heatmap",
        "type": "heatmap",
        "targets": [
          {
            "expr": "asset_correlation",
            "legendFormat": "{{asset1}}-{{asset2}}"
          }
        ],
        "gridPos": {"h": 8, "w": 8, "x": 8, "y": 26}
      },
      {
        "id": 8,
        "title": "📉 Drawdown Analysis",
        "type": "timeseries",
        "targets": [
          {
            "expr": "portfolio_drawdown",
            "legendFormat": "{{strategy}} - {{symbol}}"
          }
        ],
        "gridPos": {"h": 8, "w": 8, "x": 16, "y": 26},
        "fieldConfig": {
          "defaults": {
            "unit": "percent"
          }
        }
      },
      {
        "id": 9,
        "title": "🎯 Benchmark Comparison",
        "type": "timeseries",
        "targets": [
          {
            "expr": "portfolio_return",
            "legendFormat": "Portfolio"
          },
          {
            "expr": "benchmark_return",
            "legendFormat": "Bitcoin"
          },
          {
            "expr": "benchmark_return{symbol=\"ETH\"}",
            "legendFormat": "Ethereum"
          }
        ],
        "gridPos": {"h": 8, "w": 12, "x": 0, "y": 34}
      },
      {
        "id": 10,
        "title": "⚠️ Alert Status Board",
        "type": "stat",
        "targets": [
          {
            "expr": "alert_active_count",
            "legendFormat": "Active Alerts"
          },
          {
            "expr": "alert_critical_count",
            "legendFormat": "Critical Alerts"
          },
          {
            "expr": "alert_warning_count",
            "legendFormat": "Warning Alerts"
          }
        ],
        "gridPos": {"h": 8, "w": 12, "x": 12, "y": 34}
      },
      {
        "id": 11,
        "title": "⚡ Execution Performance Metrics",
        "type": "table",
        "targets": [
          {
            "expr": "execution_metrics",
            "legendFormat": ""
          }
        ],
        "gridPos": {"h": 8, "w": 12, "x": 0, "y": 42},
        "columns": [
          {"text": "Strategy", "value": "strategy"},
          {"text": "Symbol", "value": "symbol"},
          {"text": "Avg Slippage", "value": "avg_slippage"},
          {"text": "Fill Rate", "value": "fill_rate"},
          {"text": "Latency", "value": "latency"}
        ]
      },
      {
        "id": 12,
        "title": "🎮 Custom Trading Widgets",
        "type": "row",
        "gridPos": {"h": 1, "w": 24, "x": 0, "y": 50},
        "panels": [
          {
            "id": 121,
            "title": "🚀 Signal Strength",
            "type": "gauge",
            "targets": [
              {
                "expr": "signal_strength",
                "legendFormat": "{{strategy}}"
              }
            ],
            "gridPos": {"h": 8, "w": 6, "x": 0, "y": 51}
          },
          {
            "id": 122,
            "title": "💰 Position Size Distribution",
            "type": "bargauge",
            "targets": [
              {
                "expr": "position_size_distribution",
                "legendFormat": "{{asset}}"
              }
            ],
            "gridPos": {"h": 8, "w": 6, "x": 6, "y": 51}
          },
          {
            "id": 123,
            "title": "⏱️ Order Latency Heatmap",
            "type": "heatmap",
            "targets": [
              {
                "expr": "order_latency_bucket",
                "legendFormat": "{{le}}"
              }
            ],
            "gridPos": {"h": 8, "w": 6, "x": 12, "y": 51}
          },
          {
            "id": 124,
            "title": "🎯 Success Rate by Strategy",
            "type": "piechart",
            "targets": [
              {
                "expr": "strategy_success_rate",
                "legendFormat": "{{strategy}}"
              }
            ],
            "gridPos": {"h": 8, "w": 6, "x": 18, "y": 51}
          }
        ]
      },
      {
        "id": 13,
        "title": "🖥️ System Health Monitor",
        "type": "row",
        "gridPos": {"h": 1, "w": 24, "x": 0, "y": 59},
        "panels": [
          {
            "id": 131,
            "title": "CPU Usage",
            "type": "stat",
            "targets": [
              {
                "expr": "avg(rate(container_cpu_usage_seconds_total[5m])) * 100",
                "legendFormat": "CPU %"
              }
            ],
            "gridPos": {"h": 6, "w": 4, "x": 0, "y": 60}
          },
          {
            "id": 132,
            "title": "Memory Usage",
            "type": "stat",
            "targets": [
              {
                "expr": "avg(container_memory_usage_bytes / container_spec_memory_limit_bytes * 100)",
                "legendFormat": "Memory %"
              }
            ],
            "gridPos": {"h": 6, "w": 4, "x": 4, "y": 60}
          },
          {
            "id": 133,
            "title": "Database Connections",
            "type": "stat",
            "targets": [
              {
                "expr": "pg_stat_database_numbackends",
                "legendFormat": "Active Connections"
              }
            ],
            "gridPos": {"h": 6, "w": 4, "x": 8, "y": 60}
          },
          {
            "id": 134,
            "title": "Message Queue Length",
            "type": "stat",
            "targets": [
              {
                "expr": "kafka_consumer_lag",
                "legendFormat": "Queue Lag"
              }
            ],
            "gridPos": {"h": 6, "w": 4, "x": 12, "y": 60}
          },
          {
            "id": 135,
            "title": "API Response Time",
            "type": "timeseries",
            "targets": [
              {
                "expr": "http_request_duration_seconds",
                "legendFormat": "{{endpoint}}"
              }
            ],
            "gridPos": {"h": 6, "w": 8, "x": 16, "y": 60}
          }
        ]
      }
    ],
    "annotations": {
      "list": [
        {
          "name": "Trade Events",
          "datasource": "Prometheus",
          "enable": true,
          "query": "trade_event",
          "iconColor": "blue",
          "titleFormat": "Trade: {{trade_id}}",
          "textFormat": "Symbol: {{symbol}}, Side: {{side}}, Amount: {{amount}}"
        },
        {
          "name": "Strategy Changes",
          "datasource": "Prometheus",
          "enable": true,
          "query": "strategy_change",
          "iconColor": "green",
          "titleFormat": "Strategy Update: {{strategy}}",
          "textFormat": "Status: {{status}}, Params: {{parameters}}"
        }
      ]
    }
  }
}